Mutation,Genomic_Position,Region,cDNA_Position,Protein_Position
T>C,7578190,exon_6,849.0,220.0
T>C,7578190,exon_6,849.0,220.0
T>C,7578190,exon_6,849.0,220.0
T>C,7578190,exon_6,849.0,220.0
T>C,7578190,exon_6,849.0,220.0
T>C,7578190,exon_6,849.0,220.0
T>C,7578190,exon_6,849.0,220.0
C>T,7578406,exon_5,714.0,175.0
C>T,7577120,exon_8,1008.0,273.0
C>T,7577124,exon_8,1004.0,272.0
C>A,7577120,exon_8,1008.0,273.0
G>A,7577121,exon_8,1007.0,273.0
T>C,7577580,exon_7,891.0,234.0
T>C,7578442,exon_5,678.0,163.0
G>A,7577121,exon_8,1007.0,273.0
G>A,7577121,exon_8,1007.0,273.0
C>A,7578526,exon_5,594.0,135.0
T>G,7577098,exon_8,1030.0,280.0
T>C,7578536,exon_5,584.0,132.0
C>T,7578406,exon_5,714.0,175.0
C>T,7578406,exon_5,714.0,175.0
C>A,7578403,exon_5,717.0,176.0
C>T,7577570,exon_7,901.0,237.0
T>C,7578394,exon_5,726.0,179.0
G>A,7577532,exon_7,939.0,250.0
C>T,7577568,exon_7,903.0,238.0
T>C,7578394,exon_5,726.0,179.0
T>C,7578442,exon_5,678.0,163.0
C>A,7578403,exon_5,717.0,176.0
C>T,7577568,exon_7,903.0,238.0
T>C,7578271,exon_6,768.0,193.0
C>A,7577097,exon_8,1031.0,281.0
A>C,7578268,exon_6,771.0,194.0
C>T,7578406,exon_5,714.0,175.0
G>A,7577106,exon_8,1022.0,278.0
T>C,7578394,exon_5,726.0,179.0
C>T,7578406,exon_5,714.0,175.0
T>C,7578271,exon_6,768.0,193.0
G>A,7577539,exon_7,932.0,248.0
C>T,7578413,exon_5,707.0,173.0
C>T,7578406,exon_5,714.0,175.0
C>T,7577547,exon_7,924.0,245.0
C>T,7578406,exon_5,714.0,175.0
G>A,7577094,exon_8,1034.0,282.0
T>A,7578271,exon_6,768.0,193.0
C>T,7578406,exon_5,714.0,175.0
A>C,7578268,exon_6,771.0,194.0
C>A,7578403,exon_5,717.0,176.0
C>T,7577120,exon_8,1008.0,273.0
C>T,7578406,exon_5,714.0,175.0
G>A,7577121,exon_8,1007.0,273.0
T>C,7577580,exon_7,891.0,234.0
C>T,7578406,exon_5,714.0,175.0
C>T,7577120,exon_8,1008.0,273.0
C>T,7577085,exon_8,1043.0,285.0
C>T,7577120,exon_8,1008.0,273.0
C>T,7577538,exon_7,933.0,248.0
C>T,7578526,exon_5,594.0,135.0
A>C,7578268,exon_6,771.0,194.0
G>A,7577121,exon_8,1007.0,273.0
G>A,7577539,exon_7,932.0,248.0
C>T,7578406,exon_5,714.0,175.0
C>T,7577538,exon_7,933.0,248.0
C>T,7578406,exon_5,714.0,175.0
G>A,7577539,exon_7,932.0,248.0
C>T,7577548,exon_7,923.0,245.0
C>G,7578534,exon_5,586.0,132.0
C>A,7577118,exon_8,1010.0,274.0
C>T,7578406,exon_5,714.0,175.0
C>T,7578406,exon_5,714.0,175.0
C>T,7577547,exon_7,924.0,245.0
G>C,7578525,exon_5,595.0,135.0
C>T,7577547,exon_7,924.0,245.0
G>C,7577559,exon_7,912.0,241.0
C>T,7577085,exon_8,1043.0,285.0
C>G,7578413,exon_5,707.0,173.0
C>G,7577099,exon_8,1029.0,280.0
C>T,7578406,exon_5,714.0,175.0
C>T,7577120,exon_8,1008.0,273.0
C>T,7577120,exon_8,1008.0,273.0
C>T,7577085,exon_8,1043.0,285.0
C>A,7577568,exon_7,903.0,238.0
C>T,7577120,exon_8,1008.0,273.0
G>A,7577539,exon_7,932.0,248.0
C>T,7578406,exon_5,714.0,175.0
C>T,7577120,exon_8,1008.0,273.0
G>A,7578395,exon_5,725.0,179.0
A>G,7578268,exon_6,771.0,194.0
C>A,7577120,exon_8,1008.0,273.0
G>A,7577559,exon_7,912.0,241.0
T>C,7578271,exon_6,768.0,193.0
G>C,7577106,exon_8,1022.0,278.0
C>A,7578403,exon_5,717.0,176.0
C>A,7578413,exon_5,707.0,173.0
T>C,7578394,exon_5,726.0,179.0
T>A,7578271,exon_6,768.0,193.0
C>T,7577120,exon_8,1008.0,273.0
C>A,7577568,exon_7,903.0,238.0
G>A,7577539,exon_7,932.0,248.0
C>T,7578406,exon_5,714.0,175.0
C>T,7577120,exon_8,1008.0,273.0
C>T,7577538,exon_7,933.0,248.0
G>A,7577094,exon_8,1034.0,282.0
T>C,7578536,exon_5,584.0,132.0
T>C,7578271,exon_6,768.0,193.0
C>G,7577099,exon_8,1029.0,280.0
C>G,7578534,exon_5,586.0,132.0
T>G,7578535,exon_5,585.0,132.0
C>T,7577538,exon_7,933.0,248.0
T>C,7578271,exon_6,768.0,193.0
C>T,7577120,exon_8,1008.0,273.0
C>T,7577548,exon_7,923.0,245.0
C>T,7578406,exon_5,714.0,175.0
T>C,7578271,exon_6,768.0,193.0
C>T,7577120,exon_8,1008.0,273.0
T>C,7578394,exon_5,726.0,179.0
G>A,7577094,exon_8,1034.0,282.0
T>C,7578442,exon_5,678.0,163.0
C>T,7578406,exon_5,714.0,175.0
T>C,7578394,exon_5,726.0,179.0
G>A,7577094,exon_8,1034.0,282.0
C>T,7577082,exon_8,1046.0,286.0
C>T,7578406,exon_5,714.0,175.0
C>T,7577099,exon_8,1029.0,280.0
A>C,7578268,exon_6,771.0,194.0
C>T,7577099,exon_8,1029.0,280.0
C>T,7577120,exon_8,1008.0,273.0
C>T,7577124,exon_8,1004.0,272.0
C>A,7577120,exon_8,1008.0,273.0
C>T,7577124,exon_8,1004.0,272.0
C>T,7577114,exon_8,1014.0,275.0
C>T,7578406,exon_5,714.0,175.0
C>T,7577085,exon_8,1043.0,285.0
A>C,7577517,exon_7,954.0,255.0
A>G,7578191,exon_6,848.0,220.0
C>T,7577141,exon_8,987.0,266.0
C>T,7578449,exon_5,671.0,161.0
C>T,7578203,exon_6,836.0,216.0
A>G,7577129,exon_8,999.0,270.0
C>T,7578203,exon_6,836.0,216.0
G>T,7578478,exon_5,642.0,151.0
G>C,7578458,exon_5,662.0,158.0
C>T,7577141,exon_8,987.0,266.0
A>T,7578554,exon_5,566.0,126.0
C>A,7578461,exon_5,659.0,157.0
C>T,7578203,exon_6,836.0,216.0
G>C,7578542,exon_5,578.0,130.0
A>T,7578460,exon_5,660.0,157.0
G>T,7578550,exon_5,570.0,127.0
C>T,7577102,exon_8,1026.0,279.0
C>G,7574002,exon_10,1215.0,342.0
C>G,7574002,exon_10,1215.0,342.0
G>A,7578212,exon_6,827.0,213.0
G>A,7578212,exon_6,827.0,213.0
C>A,7578257,exon_6,782.0,198.0
G>A,7578212,exon_6,827.0,213.0
G>A,7578212,exon_6,827.0,213.0
G>A,7578212,exon_6,827.0,213.0
G>A,7578212,exon_6,827.0,213.0
G>A,7578212,exon_6,827.0,213.0
A>T,7578532,exon_5,588.0,133.0
G>A,7577105,exon_8,1023.0,278.0
A>G,7578527,exon_5,593.0,135.0
A>G,7578265,exon_6,774.0,195.0
C>T,7578508,exon_5,612.0,141.0
C>T,7577543,exon_7,928.0,246.0
A>G,7578265,exon_6,774.0,195.0
C>G,7577120,exon_8,1008.0,273.0
G>A,7578272,exon_6,767.0,193.0
G>T,7577106,exon_8,1022.0,278.0
T>G,7577081,exon_8,1047.0,286.0
T>A,7577541,exon_7,930.0,247.0
A>G,7578265,exon_6,774.0,195.0
G>A,7578272,exon_6,767.0,193.0
A>G,7578509,exon_5,611.0,141.0
C>T,7578508,exon_5,612.0,141.0
C>T,7578508,exon_5,612.0,141.0
G>C,7577094,exon_8,1034.0,282.0
A>G,7578265,exon_6,774.0,195.0
G>C,7578524,exon_5,596.0,136.0
A>G,7578265,exon_6,774.0,195.0
C>G,7577082,exon_8,1046.0,286.0
A>C,7577557,exon_7,914.0,242.0
T>G,7578523,exon_5,597.0,136.0
AGA>-,7578443,exon_5,677.0,163.0
C>A,7579311,intron,,
C>T,7577609,intron,,
A>G,7579355,exon_4,522.0,111.0
T>G,7578467,exon_5,653.0,155.0
C>A,7577156,intron,,
C>A,7578370,intron,,
C>A,7578205,exon_6,834.0,215.0
C>T,7579311,intron,,
A>T,7578175,intron,,
C>A,7578205,exon_6,834.0,215.0
T>C,7577610,intron,,
T>C,7578556,intron,,
C>T,7578555,intron,,
C>T,7577498,intron,,
A>C,7577144,exon_8,984.0,265.0
GGGCAGGTCTTG>-,7578505,exon_5,615.0,142.0
A>C,7578259,exon_6,780.0,197.0
A>G,7579355,exon_4,522.0,111.0
T>C,7578235,exon_6,804.0,205.0
A>T,7577130,exon_8,998.0,270.0
A>T,7579355,exon_4,522.0,111.0
C>T,7577018,intron,,
T>G,7578190,exon_6,849.0,220.0
C>A,7576852,intron,,
C>-,7579311,intron,,
A>G,7577144,exon_8,984.0,265.0
C>T,7578290,intron,,
C>G,7579312,exon_4,565.0,125.0
A>T,7577517,exon_7,954.0,255.0
C>G,7577509,exon_7,962.0,258.0
A>C,7579368,exon_4,509.0,107.0
T>C,7578553,exon_5,567.0,126.0
A>G,7578551,exon_5,569.0,127.0
T>C,7577610,intron,,
C>G,7578290,intron,,
A>T,7578236,exon_6,803.0,205.0
C>T,7578555,intron,,
A>C,7577586,exon_7,885.0,232.0
T>G,7578427,exon_5,693.0,168.0
A>C,7576851,intron,,
C>T,7576852,intron,,
C>G,7579591,intron,,
T>G,7578556,intron,,
A>C,7578460,exon_5,660.0,157.0
T>A,7577518,exon_7,953.0,255.0
TGA>-,7577515,exon_7,956.0,256.0
ACCACTA>-,7577152,exon_8,976.0,262.0
A>C,7579349,exon_4,528.0,113.0
A>C,7579349,exon_4,528.0,113.0
T>G,7578190,exon_6,849.0,220.0
T>C,7577610,intron,,
GCG>-,7578462,exon_5,658.0,156.0
A>C,7577511,exon_7,960.0,257.0
T>A,7577610,intron,,
C>G,7577112,exon_8,1016.0,276.0
G>T,7578382,exon_5,738.0,183.0
G>C,7578382,exon_5,738.0,183.0
C>-,7579364,exon_4,513.0,108.0
CGT>GC,7579365,exon_4,512.0,108.0
C>-,7578239,exon_6,800.0,204.0
G>A,7578263,exon_6,776.0,196.0
G>A,7578263,exon_6,776.0,196.0
G>A,7576855,exon_9,1181.0,331.0
TCTTCTTTGGC>-,7576885,exon_9,1151.0,321.0
C>A,7578253,exon_6,786.0,199.0
TGAGGCTCCCCTTTCTTGCGGAGATTCTC>-,7577051,exon_8,1077.0,296.0
A>-,7578445,exon_5,675.0,162.0
G>A,7574003,exon_10,1214.0,342.0
G>-,7574030,exon_10,1187.0,333.0
G>A,7574003,exon_10,1214.0,342.0
C>A,7578188,exon_6,851.0,221.0
CCGGTGTAGGAGCTGCTGGT>-,7579440,exon_4,437.0,83.0
AG>-,7579409,exon_4,468.0,93.0
G>-,7577027,exon_8,1101.0,304.0
GT>-,7578217,exon_6,822.0,211.0
G>A,7579533,exon_4,344.0,52.0
->T,7577044,exon_8,1084.0,298.0
TC>-,7578222,exon_6,817.0,209.0
G>-,7578547,exon_5,573.0,128.0
CTCACAACCTCCGTCATGTGCTGTGACTG>-,7578409,exon_5,711.0,174.0
A>-,7576863,exon_9,1173.0,328.0
GGACGCG>-,7578458,exon_5,662.0,158.0
->A,7577566,exon_7,905.0,239.0
TC>-,7578222,exon_6,817.0,209.0
G>-,7577531,exon_7,940.0,250.0
C>-,7578408,exon_5,712.0,174.0
G>A,7578500,exon_5,620.0,144.0
C>A,7577058,exon_8,1070.0,294.0
C>-,7579364,exon_4,513.0,108.0
CCTC>-,7578416,exon_5,704.0,172.0
GAC>-,7579356,exon_4,521.0,111.0
CGCGG>GCGCGT,7578461,exon_5,659.0,157.0
A>G,7577526,exon_7,945.0,252.0
ACAGGCACAA>-,7577107,exon_8,1021.0,277.0
T>-,7578218,exon_6,821.0,211.0
G>A,7574003,exon_10,1214.0,342.0
G>-,7577558,exon_7,913.0,241.0
CC>-,7579364,exon_4,513.0,108.0
G>-,7579359,exon_4,518.0,110.0
G>A,7578263,exon_6,776.0,196.0
G>-,7574003,exon_10,1214.0,342.0
A>-,7579419,exon_4,458.0,90.0
CA>-,7579321,exon_4,556.0,122.0
->AA,7579360,exon_4,517.0,109.0
C>A,7579536,exon_4,341.0,51.0
G>T,7579315,exon_4,562.0,124.0
->GA,7579359,exon_4,518.0,110.0
TC>-,7578222,exon_6,817.0,209.0
->GGCCA,7578446,exon_5,674.0,162.0
T>-,7577031,exon_8,1097.0,303.0
G>A,7578263,exon_6,776.0,196.0
A>T,7579346,exon_4,531.0,114.0
->A,7577525,exon_7,946.0,252.0
->A,7578246,exon_6,793.0,201.0
G>-,7579359,exon_4,518.0,110.0
C>T,7578371,exon_5,749.0,187.0
->A,7577566,exon_7,905.0,239.0
TGGGGGC>GGGGGG,7578397,exon_5,723.0,178.0
G>A,7574003,exon_10,1214.0,342.0
G>A,7576855,exon_9,1181.0,331.0
->TGCA,7579458,exon_4,419.0,77.0
TGCGGAGATTCTCTTCCTC>-,7577067,exon_8,1061.0,291.0
C>A,7579521,exon_4,356.0,56.0
C>-,7578491,exon_5,629.0,147.0
T>-,7578538,exon_5,582.0,131.0
G>-,7577558,exon_7,913.0,241.0
GT>-,7576924,exon_9,1112.0,308.0
G>A,7578263,exon_6,776.0,196.0
T>A,7577100,exon_8,1028.0,280.0
C>A,7578253,exon_6,786.0,199.0
G>A,7578524,exon_5,596.0,136.0
CAGGGCAGGTCTTGGC>-,7578503,exon_5,617.0,143.0
G>A,7577073,exon_8,1055.0,289.0
G>A,7577022,exon_8,1106.0,306.0
G>-,7577527,exon_7,944.0,252.0
G>A,7578431,exon_5,689.0,167.0
G>-,7577558,exon_7,913.0,241.0
G>A,7578263,exon_6,776.0,196.0
G>A,7578263,exon_6,776.0,196.0
G>T,7578402,exon_5,718.0,176.0
C>A,7577077,exon_8,1051.0,287.0
G>A,7574003,exon_10,1214.0,342.0
->G,7579432,exon_4,445.0,85.0
->T,7577514,exon_7,957.0,256.0
G>A,7578263,exon_6,776.0,196.0
C>-,7574012,exon_10,1205.0,339.0
GGGTGCCGGGCGG>-,7578464,exon_5,656.0,156.0
->A,7577127,exon_8,1001.0,271.0
C>T,7579414,exon_4,463.0,91.0
G>-,7579344,exon_4,533.0,115.0
G>A,7577022,exon_8,1106.0,306.0
G>A,7578275,exon_6,764.0,192.0
C>A,7577509,exon_7,962.0,258.0
CTTT>-,7577061,exon_8,1067.0,293.0
C>A,7577058,exon_8,1070.0,294.0
G>A,7576855,exon_9,1181.0,331.0
TC>-,7578222,exon_6,817.0,209.0
G>A,7574003,exon_10,1214.0,342.0
C>T,7578423,exon_5,697.0,169.0
->C,7579335,exon_4,542.0,118.0
G>T,7577095,exon_8,1033.0,281.0
T>A,7577096,exon_8,1032.0,281.0
T>C,7578226,exon_6,813.0,208.0
C>T,7579882,exon_2,221.0,11.0
G>A,7579717,exon_3,269.0,27.0
