Chromosome,Position,Ref,Alt
17,41244748,G,A
17,41276089,C,G
17,41245985,T,C
17,41276033,C,T
17,41245390,C,A
17,41245484,TGTC,-
17,41244839,A,-
17,41246734,C,A
17,41228540,A,G
17,41244256,G,T
17,41201181,C,A
17,41256939,C,A
17,41245615,AAC,-
17,41244185,-,T
17,41276047,C,-
17,41199695,T,A
17,41223256,C,T
17,41244131,A,G
17,41223199,C,G
17,41243518,C,G
17,41223086,AGCTGGACTCTGGGCAGATTCTGCAACTTTCAATTGGGGAACTTTCAATGCAGAGGTTGAAGATGGTATGTTGCCAACACG,-
17,41276108,A,T
17,41244468,C,A
17,41256165,G,A
17,41246452,C,T
17,41244804,G,C
17,41256900,C,G
17,41234556,G,A
17,41234523,C,T
17,41243563,C,A
